Rank	Target sequence	Genomic location	Strand	GC content (%)	Self-complementarity	MM0	MM1	MM2	MM3	Efficiency
1	TCAGTTTACACCCGATCCACTGG	chr3:46373911	+	50	0	0	0	0	1	50.64
2	AGTTTACACCCGATCCACTGGGG	chr3:46373913	+	50	0	0	0	0	2	75.98
3	TCATCCTCCTGACAATCGATAGG	chr3:46373258	+	45	0	0	0	0	2	60.40
4	CTTGTGACACGGACTCAAGTGGG	chr3:46373955	+	50	5	0	0	0	2	60.76
5	CAGTTTACACCCGATCCACTGGG	chr3:46373912	+	50	0	0	0	0	3	59.86
6	ACAATGTGTCAACTCTTGACAGG	chr3:46373197	+	40	1	0	0	0	3	51.06
7	GGTACCTATCGATTGTCAGGAGG	chr3:46373262	-	50	0	0	1	1	0	69.41
8	GTAAACTGAGCTTGCTCGCTCGG	chr3:46373897	-	50	2	0	0	1	2	45.31
9	GACAAGTGTGATCACTTGGGTGG	chr3:46373343	+	50	2	0	0	1	3	69.46
10	TCTGAACTTCTCCCCGACAAAGG	chr3:46373795	-	50	0	0	0	1	3	60.91
11	CCTGACAATCGATAGGTACCTGG	chr3:46373265	+	50	0	0	1	1	1	48.64
12	CTCGCTCGGGAGCCTCTTGCTGG	chr3:46373883	-	70	1	0	0	1	3	29.26
13	CAGGTTGGACCAAGCTATGCAGG	chr3:46373721	+	55	2	0	0	0	5	49.35
14	TGACCATGACAAGCAGCGGCAGG	chr3:46373514	-	60	0	0	0	1	4	56.44
15	CACCCCAAAGGTGACCGTCCTGG	chr3:46373318	-	65	2	1	0	0	3	53.24
16	TAAACTGAGCTTGCTCGCTCGGG	chr3:46373896	-	50	2	0	0	1	4	46.64
17	TCACTATGCTGCCGCCCAGTGGG	chr3:46373163	+	60	0	0	0	0	6	48.93
18	AGCGTTTGGCAATGTGCTTTTGG	chr3:46373838	-	45	0	0	0	0	6	43.57
19	TTGACAGGGCTCTATTTTATAGG	chr3:46373212	+	35	0	0	0	0	6	16.73
20	CATCATCTATGCCTTTGTCGGGG	chr3:46373784	+	45	1	0	0	2	5	66.39
21	CAATGTGTCAACTCTTGACAGGG	chr3:46373198	+	40	2	0	0	1	7	64.49
22	TTGCAGTAGCTCTAACAGGTTGG	chr3:46373706	+	45	1	0	0	1	7	59.85
23	GCTGCCGCCCAGTGGGACTTTGG	chr3:46373170	+	70	3	0	0	1	7	46.82
24	AAGCCAGGACGGTCACCTTTGGG	chr3:46373315	+	55	3	1	0	0	6	29.04
25	TGACACGGACTCAAGTGGGCTGG	chr3:46373959	+	60	4	0	0	0	9	56.22
26	CGACAAAGGCATAGATGATGGGG	chr3:46373781	-	45	1	0	0	0	10	62.63
27	ATAATTGCAGTAGCTCTAACAGG	chr3:46373702	+	35	1	0	0	0	10	44.47
28	CAGGACGGTCACCTTTGGGGTGG	chr3:46373319	+	65	2	1	0	0	8	64.06
29	AGCCAGGACGGTCACCTTTGGGG	chr3:46373316	+	60	3	1	0	2	5	63.86
30	CAGAATTGATACTGACTGTATGG	chr3:46373449	-	35	0	0	0	1	9	38.18
31	GACACCGAAGCAGAGTTTTTAGG	chr3:46373553	-	45	0	0	0	1	9	26.13
32	GGTGACAAGTGTGATCACTTGGG	chr3:46373340	+	45	2	0	0	0	12	64.52
33	AACACCAGTGAGTAGAGCGGAGG	chr3:46373002	-	55	0	0	1	2	7	62.09
34	CTCACTATGCTGCCGCCCAGTGG	chr3:46373162	+	65	0	0	0	1	11	62.17
35	CTGTTCTATTTTCCAGCAAGAGG	chr3:46373871	+	40	0	0	0	0	13	56.58
36	TGTCATGGTCATCTGCTACTCGG	chr3:46373526	+	45	0	0	0	1	12	45.06
37	CCATCATCTATGCCTTTGTCGGG	chr3:46373783	+	45	1	0	0	3	9	43.43
38	GTCATGGTCATCTGCTACTCGGG	chr3:46373527	+	50	0	0	1	1	10	41.22
39	CATACAGTCAGTATCAATTCTGG	chr3:46373450	+	35	0	0	0	1	12	32.28
40	TTTACCAGATCTCAAAAAGAAGG	chr3:46373398	+	30	0	0	0	0	14	53.11
41	ACAGCATTTGCAGAAGCGTTTGG	chr3:46373852	-	45	0	0	0	0	14	41.28
42	ATATCTGTGGGCTTGTGACACGG	chr3:46373944	+	45	0	0	0	1	13	64.65
43	AAGTGTGATCACTTGGGTGGTGG	chr3:46373346	+	50	1	0	0	1	13	54.86
44	TTGTATTTCCAAAGTCCCACTGG	chr3:46373178	-	40	2	0	0	1	13	51.43
45	CCCATCATCTATGCCTTTGTCGG	chr3:46373782	+	45	1	0	1	1	11	38.01
46	TGTATTTCCAAAGTCCCACTGGG	chr3:46373177	-	40	3	0	0	0	15	57.96
47	ATGCAGGTGACAGAGACTCTTGG	chr3:46373737	+	50	2	0	1	0	13	49.11
48	TCAGCCTTTTGCAGTTTATCAGG	chr3:46373064	-	40	0	0	0	0	15	34.62
49	AAAGATAGTCATCTTGGGGCTGG	chr3:46373490	+	45	0	0	0	0	16	50.88
50	AAAGCCAGGACGGTCACCTTTGG	chr3:46373314	+	55	3	1	0	1	12	35.27
51	CACACTTGTCACCACCCCAAAGG	chr3:46373330	-	55	0	1	0	0	14	63.75
52	CACCCGATCCACTGGGGAGCAGG	chr3:46373919	+	70	0	0	0	1	15	45.86
53	ACATTAAAGATAGTCATCTTGGG	chr3:46373485	+	25	0	0	0	1	15	38.95
54	TAGAGCTACTGCAATTATTCAGG	chr3:46373697	-	35	1	0	0	1	16	35.23
55	TACTCACTGGTGTTCATCTTTGG	chr3:46373011	+	40	0	0	1	1	14	29.96
56	GATCTGGTAAAGATGATTCCTGG	chr3:46373386	-	40	0	0	0	0	18	41.15
57	AGATGACTATCTTTAATGTCTGG	chr3:46373481	-	30	0	0	0	3	14	44.92
58	GGTCCTGCCGCTGCTTGTCATGG	chr3:46373511	+	65	0	0	0	3	14	44.74
59	AGAATTCCTGGAAGGTGTTCAGG	chr3:46373670	-	45	2	1	0	0	16	36.74
60	GTTTGCTTTAAAAGCCAGGACGG	chr3:46373304	+	40	2	1	0	1	15	65.19
61	CATTAAAGATAGTCATCTTGGGG	chr3:46373486	+	30	0	0	0	0	19	61.37
62	TGACATCAATTATTATACATCGG	chr3:46372932	+	20	0	0	0	2	16	56.40
63	TATTCAGGCCAAAGAATTCCTGG	chr3:46373682	-	40	2	0	0	2	16	35.70
64	ATGAACACCAGTGAGTAGAGCGG	chr3:46373005	-	45	0	0	1	1	16	65.92
65	GCAGCATAGTGAGCCCAGAAGGG	chr3:46373152	-	55	0	0	0	1	18	63.69
66	AAGACCTTCTTTTTGAGATCTGG	chr3:46373402	-	35	0	0	0	1	18	33.16
67	CAGATGACCATGACAAGCAGCGG	chr3:46373518	-	50	0	0	0	2	17	70.73
68	GAATCCTAAAAACTCTGCTTCGG	chr3:46373549	+	35	0	0	0	3	16	52.06
69	GCTGTGTTTGCGTCTCTCCCAGG	chr3:46373368	+	60	0	0	0	3	16	45.96
70	ATTTCCAAAGTCCCACTGGGCGG	chr3:46373174	-	50	3	0	0	2	18	70.93
71	GTATGGAAAATGAGAGCTGCAGG	chr3:46373432	-	45	0	0	0	2	18	53.05
72	TTTCCTGCTCCCCAGTGGATCGG	chr3:46373922	-	55	0	0	0	2	18	43.47
73	AACACCTTCCAGGAATTCTTTGG	chr3:46373674	+	40	1	1	0	0	19	30.63
74	TATTTTATAGGCTTCTTCTCTGG	chr3:46373224	+	30	0	0	0	0	22	34.12
75	TGGGGAGCAGGAAATATCTGTGG	chr3:46373931	+	50	0	0	0	3	18	58.06
76	TAATAATTGATGTCATAGATTGG	chr3:46372924	-	20	0	0	0	1	21	39.96
77	TCCTTCTTACTGTCCCCTTCTGG	chr3:46373138	+	50	0	0	0	1	21	15.03
78	GGGGAGCAGGAAATATCTGTGGG	chr3:46373932	+	50	0	0	0	2	20	64.87
79	TTTTGCAGTTTATCAGGATGAGG	chr3:46373058	-	35	0	0	0	3	19	52.64
80	GACATTAAAGATAGTCATCTTGG	chr3:46373484	+	30	0	0	0	1	22	38.43
81	CCTTCTCCTGAACACCTTCCAGG	chr3:46373664	+	55	0	0	1	1	20	25.90
82	CAGGCCAAAGAATTCCTGGAAGG	chr3:46373678	-	50	1	0	1	0	22	66.18
83	AGGAGAAGGACAATGTTGTAGGG	chr3:46373650	-	40	0	0	0	0	24	54.93
84	TCATCCTGATAAACTGCAAAAGG	chr3:46373060	+	35	0	0	0	0	24	50.37
85	CCTGCCTCCGCTCTACTCACTGG	chr3:46372998	+	65	1	0	1	0	22	46.86
86	GGTGTCGAAATGAGAAGAAGAGG	chr3:46373570	+	45	0	0	1	1	21	59.26
87	ATCTGGTAAAGATGATTCCTGGG	chr3:46373385	-	35	0	0	0	3	20	50.27
88	CAGCATAGTGAGCCCAGAAGGGG	chr3:46373151	-	55	0	0	0	2	22	60.17
89	GGCAGCATAGTGAGCCCAGAAGG	chr3:46373153	-	60	0	0	0	0	25	56.36
90	CAGGAGAAGGACAATGTTGTAGG	chr3:46373651	-	45	0	0	0	0	25	52.75
91	TGCAGGTGACAGAGACTCTTGGG	chr3:46373738	+	50	2	0	1	3	19	39.79
92	GGTGTTCATCTTTGGTTTTGTGG	chr3:46373019	+	40	0	1	0	0	24	39.83
93	ACACAGCATGGACGACAGCCAGG	chr3:46373283	-	60	0	0	0	4	22	57.68
94	GCTTGTGACACGGACTCAAGTGG	chr3:46373954	+	55	5	0	0	2	25	56.97
95	TTCCTGCTCCCCAGTGGATCGGG	chr3:46373921	-	60	0	0	0	3	24	43.21
96	TGGTGACAAGTGTGATCACTTGG	chr3:46373339	+	45	2	0	1	2	24	43.78
97	CTTCACATTGATTTTTTGGCAGG	chr3:46372958	-	35	0	0	0	0	29	38.31
98	TGACATCTACCTGCTCAACCTGG	chr3:46373097	+	50	0	0	1	2	26	58.89
99	TGGTTTTGTGGGCAACATGCTGG	chr3:46373031	+	50	0	1	0	3	24	44.08
100	ATGCACAGGGTGGAACAAGATGG	chr3:46372884	+	50	0	0	0	1	30	58.42
101	CTGTGTTTGCTTTAAAAGCCAGG	chr3:46373300	+	40	1	1	0	4	24	45.48
102	CCTTCTTACTGTCCCCTTCTGGG	chr3:46373139	+	50	0	0	1	0	35	21.21
103	AGATATTTCCTGCTCCCCAGTGG	chr3:46373927	-	50	0	0	0	0	39	69.07
104	GTGAGTAGAGCGGAGGCAGGAGG	chr3:46372995	-	65	1	0	0	0	40	55.53
105	TTCACATTGATTTTTTGGCAGGG	chr3:46372957	-	30	0	0	0	3	38	45.18
106	GTGTTCATCTTTGGTTTTGTGGG	chr3:46373020	+	35	0	1	0	1	39	30.88
107	CTTTTAAAGCAAACACAGCATGG	chr3:46373295	-	35	0	1	0	1	42	54.32
108	TTTGCTTCACATTGATTTTTTGG	chr3:46372962	-	25	0	0	1	1	50	18.26
109	AGAAGAGGCACAGGGCTGTGAGG	chr3:46373585	+	60	2	0	0	2	54	63.03
110	GAGAAAATAAACAATCATGATGG	chr3:46373618	-	25	0	0	1	5	50	61.19
111	GAAATGAGAAGAAGAGGCACAGG	chr3:46373576	+	45	0	0	0	7	55	51.78
112	AGTAGAGCGGAGGCAGGAGGCGG	chr3:46372992	-	65	2	0	2	3	58	48.42
113	CAGAGATGGCCAGGTTGAGCAGG	chr3:46373106	-	60	0	1	0	9	57	45.49
114	GGACAGTAAGAAGGAAAAACAGG	chr3:46373130	-	40	0	0	0	4	68	46.31
115	TGATTGTTTATTTTCTCTTCTGG	chr3:46373624	+	25	0	0	1	4	68	8.73
116	AAAACAGGTCAGAGATGGCCAGG	chr3:46373115	-	50	0	0	0	11	61	51.14
117	GTAGAGCGGAGGCAGGAGGCGGG	chr3:46372991	-	70	2	0	0	6	71	47.30
118	AAATGAGAAGAAGAGGCACAGGG	chr3:46373577	+	40	0	0	0	6	75	72.55
119	GCTTTTGGAAGAAGACTAAGAGG	chr3:46373823	-	40	0	0	0	11	69	58.64
120	GATTGTTTATTTTCTCTTCTGGG	chr3:46373625	+	25	0	0	0	4	82	24.51
121	AAGGAAAAACAGGTCAGAGATGG	chr3:46373120	-	40	0	0	0	4	93	53.70
122	TCTCTGTCACCTGCATAGCTTGG	chr3:46373730	-	50	0	0	0	6	112	44.37